name,town,address,shows,booking_or_contact,source_url,checked_date,notes
Molly Malones,Dundee,"53-57 Westport, Dundee DD1 5ER","NFL RedZone and a weekly feature match on Sunday evenings (usually 6pm), selected earlier Sunday games incl. international series games, Thanksgiving (Lions v Bears, 26 Nov) and Black Friday (Steelers v Broncos, 27 Nov) games, AFC and NFC Championship games, and Super Bowl LXI (14 Feb 2027, 11.30pm). Late-night games are bookable fixtures only.",https://www.belhaven.co.uk/pubs/angus/molly-malones/book (tel +44 1382 224 712),https://www.belhaven.co.uk/pubs/angus/molly-malones/sports/nfl,2026-10-01,"Belhaven (Greene King) pub page headed 'NFL Fixture list for 2026/27 - what we'll be showing this season'. The 2026 is the season, not just the footer. Fixture list is identical across all Belhaven NFL pubs (chain-wide template)."
Old Bank Bar,Dundee,"34 Reform Street, Dundee DD1 1RH","NFL RedZone and a weekly feature match on Sunday evenings (usually 6pm), selected earlier Sunday games incl. international series games, Thanksgiving (Lions v Bears, 26 Nov) and Black Friday (Steelers v Broncos, 27 Nov) games, AFC and NFC Championship games, and Super Bowl LXI (14 Feb 2027, 11.30pm). Late-night games are bookable fixtures only.",https://www.belhaven.co.uk/pubs/angus/old-bank-bar/book (tel +44 1382 226 552),https://www.belhaven.co.uk/pubs/angus/old-bank-bar/sports/nfl,2026-10-01,"Belhaven (Greene King) pub page headed 'NFL Fixture list for 2026/27 - what we'll be showing this season'. The 2026 is the season, not just the footer. Fixture list is identical across all Belhaven NFL pubs (chain-wide template)."
Trades House,Dundee,"40 Nethergate, Dundee DD1 4ET","NFL RedZone and a weekly feature match on Sunday evenings (usually 6pm), selected earlier Sunday games incl. international series games, Thanksgiving (Lions v Bears, 26 Nov) and Black Friday (Steelers v Broncos, 27 Nov) games, AFC and NFC Championship games, and Super Bowl LXI (14 Feb 2027, 11.30pm). Late-night games are bookable fixtures only.",https://www.belhaven.co.uk/pubs/angus/trades-house/book (tel +44 1382 229 494),https://www.belhaven.co.uk/pubs/angus/trades-house/sports/nfl,2026-10-01,"Belhaven (Greene King) pub page headed 'NFL Fixture list for 2026/27 - what we'll be showing this season'. The 2026 is the season, not just the footer. Fixture list is identical across all Belhaven NFL pubs (chain-wide template)."
Bell Tree,Dundee (Broughty Ferry),"115-117 Lawers Drive, Broughty Ferry, Dundee DD5 3UP","NFL RedZone and a weekly feature match on Sunday evenings (usually 6pm), selected earlier Sunday games incl. international series games, Thanksgiving (Lions v Bears, 26 Nov) and Black Friday (Steelers v Broncos, 27 Nov) games, AFC and NFC Championship games, and Super Bowl LXI (14 Feb 2027, 11.30pm). Late-night games are bookable fixtures only.",https://www.belhaven.co.uk/pubs/angus/bell-tree/book (tel +44 1382 738 112),https://www.belhaven.co.uk/pubs/angus/bell-tree/sports/nfl,2026-10-01,"Belhaven (Greene King) pub page headed 'NFL Fixture list for 2026/27 - what we'll be showing this season'. The 2026 is the season, not just the footer. Fixture list is identical across all Belhaven NFL pubs (chain-wide template)."
The Greenhills,East Kilbride,"Greenhills Square, East Kilbride G75 8TT","NFL RedZone and a weekly feature match on Sunday evenings (usually 6pm), selected earlier Sunday games incl. international series games, Thanksgiving (Lions v Bears, 26 Nov) and Black Friday (Steelers v Broncos, 27 Nov) games, AFC and NFC Championship games, and Super Bowl LXI (14 Feb 2027, 11.30pm). Late-night games are bookable fixtures only.",https://www.belhaven.co.uk/pubs/lanarkshire/greenhills/book (tel +44 1355 242 928),https://www.belhaven.co.uk/pubs/lanarkshire/greenhills/sports/nfl,2026-10-01,"Belhaven (Greene King) pub page headed 'NFL Fixture list for 2026/27 - what we'll be showing this season'. The 2026 is the season, not just the footer. Fixture list is identical across all Belhaven NFL pubs (chain-wide template)."
The Kittoch,East Kilbride,"1 Stewartfield Crescent, East Kilbride G74 4US","NFL RedZone and a weekly feature match on Sunday evenings (usually 6pm), selected earlier Sunday games incl. international series games, Thanksgiving (Lions v Bears, 26 Nov) and Black Friday (Steelers v Broncos, 27 Nov) games, AFC and NFC Championship games, and Super Bowl LXI (14 Feb 2027, 11.30pm). Late-night games are bookable fixtures only.",https://www.belhaven.co.uk/pubs/lanarkshire/kittoch/book (tel +44 1355 238 465),https://www.belhaven.co.uk/pubs/lanarkshire/kittoch/sports/nfl,2026-10-01,"Belhaven (Greene King) pub page headed 'NFL Fixture list for 2026/27 - what we'll be showing this season'. The 2026 is the season, not just the footer. Fixture list is identical across all Belhaven NFL pubs (chain-wide template)."
Beehive Inn,Edinburgh,"18-20 Grassmarket, Edinburgh EH1 2JU","NFL RedZone and a weekly feature match on Sunday evenings (usually 6pm), selected earlier Sunday games incl. international series games, Thanksgiving (Lions v Bears, 26 Nov) and Black Friday (Steelers v Broncos, 27 Nov) games, AFC and NFC Championship games, and Super Bowl LXI (14 Feb 2027, 11.30pm). Late-night games are bookable fixtures only.",https://www.belhaven.co.uk/pubs/edinburgh/beehive-inn/book (tel +44 131 225 7171),https://www.belhaven.co.uk/pubs/edinburgh/beehive-inn/sports/nfl,2026-10-01,"Belhaven (Greene King) pub page headed 'NFL Fixture list for 2026/27 - what we'll be showing this season'. The 2026 is the season, not just the footer. Fixture list is identical across all Belhaven NFL pubs (chain-wide template)."
Belushi's Edinburgh,Edinburgh,"34 Market Street, Edinburgh EH1 1DE",Belushi's says it's showing 'all of the biggest games from the 26/27 season plus Redzone' on HD screens and projectors at its UK and European bars. Edinburgh venue page lists NFL among its sports.,https://bookings.belushis.com/ (party@belushis.com),https://belushis.com/nfl-live-in-europe,2026-10-01,Chain-wide NFL page (26/27 season); Edinburgh is one of the listed bars. No Edinburgh-specific NFL fixture list found. Venue page: https://belushis.com/edinburgh-old-town. No public phone.
Chanter,Edinburgh,"30-32 Bread Street, Edinburgh EH3 9AF","Super Bowl LXI (Sunday 14 Feb 2027, 11.30pm). NFL page advertises Sunday evening NFL with live matches and RedZone every week.","https://www.socialpubandkitchen.co.uk/chanter-edinburgh/party-booking (thechanter.edinburgh@stonegategroup.co.uk, 0131 221 0575)",https://www.socialpubandkitchen.co.uk/chanter-edinburgh/sport/nfl/super-bowl,2026-10-01,Stonegate Social Pub & Kitchen. Dated Super Bowl LXI/2027 page is the current-season proof. Weekly NFL page (https://www.socialpubandkitchen.co.uk/chanter-edinburgh/sport/nfl) is undated.
Doctors,Edinburgh,"32 Forrest Road, Edinburgh EH1 2QN","NFL RedZone and a weekly feature match on Sunday evenings (usually 6pm), selected earlier Sunday games incl. international series games, Thanksgiving (Lions v Bears, 26 Nov) and Black Friday (Steelers v Broncos, 27 Nov) games, AFC and NFC Championship games, and Super Bowl LXI (14 Feb 2027, 11.30pm). Late-night games are bookable fixtures only.",https://www.belhaven.co.uk/pubs/edinburgh/doctors/book (tel +44 131 225 1819),https://www.belhaven.co.uk/pubs/edinburgh/doctors/sports/nfl,2026-10-01,"Belhaven (Greene King) pub page headed 'NFL Fixture list for 2026/27 - what we'll be showing this season'. The 2026 is the season, not just the footer. Fixture list is identical across all Belhaven NFL pubs (chain-wide template)."
Festival,Edinburgh,"18-20 Morrison Street, Edinburgh EH3 8BJ","NFL RedZone and a weekly feature match on Sunday evenings (usually 6pm), selected earlier Sunday games incl. international series games, Thanksgiving (Lions v Bears, 26 Nov) and Black Friday (Steelers v Broncos, 27 Nov) games, AFC and NFC Championship games, and Super Bowl LXI (14 Feb 2027, 11.30pm). Late-night games are bookable fixtures only.",https://www.belhaven.co.uk/pubs/edinburgh/festival/book (tel +44 131 202 8825),https://www.belhaven.co.uk/pubs/edinburgh/festival/sports/nfl,2026-10-01,"Belhaven (Greene King) pub page headed 'NFL Fixture list for 2026/27 - what we'll be showing this season'. The 2026 is the season, not just the footer. Fixture list is identical across all Belhaven NFL pubs (chain-wide template)."
Frankenstein,Edinburgh,"26 George IV Bridge, Edinburgh EH1 1EN",'RedZone Sundays' in the Bier Keller: RedZone and selected live games on three big screens every Sunday from 5pm (listings for 20 and 27 Sep 2026).,https://frankensteinedinburgh.co.uk/bookings/ (manager@frankensteinedinburgh.co.uk),https://ma.to/event/redzone-sundays-27-sep-2026,2026-10-01,Evidence is third-party event listings only (also https://ma.to/event/redzone-sundays-20-sep-2026). The bar's own site doesn't mention NFL.
Grosvenor,Edinburgh,"26-28 Shandwick Place, Edinburgh EH2 4RT","NFL RedZone and a weekly feature match on Sunday evenings (usually 6pm), selected earlier Sunday games incl. international series games, Thanksgiving (Lions v Bears, 26 Nov) and Black Friday (Steelers v Broncos, 27 Nov) games, AFC and NFC Championship games, and Super Bowl LXI (14 Feb 2027, 11.30pm). Late-night games are bookable fixtures only.",https://www.belhaven.co.uk/pubs/edinburgh/grosvenor/book (tel +44 131 226 4579),https://www.belhaven.co.uk/pubs/edinburgh/grosvenor/sports/nfl,2026-10-01,"Belhaven (Greene King) pub page headed 'NFL Fixture list for 2026/27 - what we'll be showing this season'. The 2026 is the season, not just the footer. Fixture list is identical across all Belhaven NFL pubs (chain-wide template)."
Malones,Edinburgh,"242 Morrison Street, Edinburgh EH3 8DT","Super Bowl watch party ('American Football Final Watch Party') returning for 2027: Sunday 14 Feb 2027, party from around 8pm. Ticketed, with tickets in January 2027 and pre-sale sign-up now.","https://malonesedinburgh.com/book-now/ (edinburgh@malonesirishbars.com, +44 131 603 5550)",https://malonesedinburgh.com/superbowl-edinburgh/,2026-10-01,"Site blocks curl (bot check); read via WebFetch. Sport page mentions the Super Bowl but no weekly 2026 NFL Sundays are stated (its live fixture feed couldn't be read), so only the Super Bowl is listed."
Platform 5,Edinburgh,"8 Clifton Terrace, Haymarket, Edinburgh EH12 5DR","NFL RedZone and a weekly feature match on Sunday evenings (usually 6pm), selected earlier Sunday games incl. international series games, Thanksgiving (Lions v Bears, 26 Nov) and Black Friday (Steelers v Broncos, 27 Nov) games, AFC and NFC Championship games, and Super Bowl LXI (14 Feb 2027, 11.30pm). Late-night games are bookable fixtures only.",https://www.belhaven.co.uk/pubs/edinburgh/platform-5/book (tel +44 131 347 1616),https://www.belhaven.co.uk/pubs/edinburgh/platform-5/sports/nfl,2026-10-01,"Belhaven (Greene King) pub page headed 'NFL Fixture list for 2026/27 - what we'll be showing this season'. The 2026 is the season, not just the footer. Fixture list is identical across all Belhaven NFL pubs (chain-wide template)."
Shakespeare,Edinburgh,"65 Lothian Road, Edinburgh EH1 2DJ","NFL RedZone and a weekly feature match on Sunday evenings (usually 6pm), selected earlier Sunday games incl. international series games, Thanksgiving (Lions v Bears, 26 Nov) and Black Friday (Steelers v Broncos, 27 Nov) games, AFC and NFC Championship games, and Super Bowl LXI (14 Feb 2027, 11.30pm). Late-night games are bookable fixtures only.",https://www.belhaven.co.uk/pubs/edinburgh/shakespeare/book (tel +44 131 228 8400),https://www.belhaven.co.uk/pubs/edinburgh/shakespeare/sports/nfl,2026-10-01,"Belhaven (Greene King) pub page headed 'NFL Fixture list for 2026/27 - what we'll be showing this season'. The 2026 is the season, not just the footer. Fixture list is identical across all Belhaven NFL pubs (chain-wide template)."
The Granary,Elgin,"14-18 Thunderton Place, Elgin IV30 1BG","NFL RedZone and a weekly feature match on Sunday evenings (usually 6pm), selected earlier Sunday games incl. international series games, Thanksgiving (Lions v Bears, 26 Nov) and Black Friday (Steelers v Broncos, 27 Nov) games, AFC and NFC Championship games, and Super Bowl LXI (14 Feb 2027, 11.30pm). Late-night games are bookable fixtures only.",https://www.belhaven.co.uk/pubs/moray/granary/book (tel +44 1343 555 175),https://www.belhaven.co.uk/pubs/moray/granary/sports/nfl,2026-10-01,"Belhaven (Greene King) pub page headed 'NFL Fixture list for 2026/27 - what we'll be showing this season'. The 2026 is the season, not just the footer. Fixture list is identical across all Belhaven NFL pubs (chain-wide template)."
Ark,Glasgow,"North Frederick Street, Glasgow G1 2BS (street number not listed)","Super Bowl LXI (Sunday 14 Feb 2027, 11.30pm). NFL page advertises Sunday evening NFL with live matches and RedZone every week.","https://www.socialpubandkitchen.co.uk/ark-glasgow/party-booking (ark.glasgow@stonegategroup.co.uk, 0141 559 4331)",https://www.socialpubandkitchen.co.uk/ark-glasgow/sport/nfl/super-bowl,2026-10-01,Stonegate Social Pub & Kitchen. The dated Super Bowl LXI/2027 page is the current-season proof. The weekly NFL page (/sport/nfl) is undated and its fixture feed shows no NFL games.
Bar Home,Glasgow,"80 Albion Street, Glasgow G1 1NY","Super Bowl LXI (Sunday 14 Feb 2027, 11.30pm).","https://www.socialpubandkitchen.co.uk/home-glasgow/party-booking (home.glasgow@stonegategroup.co.uk, 0141 552 1734)",https://www.socialpubandkitchen.co.uk/home-glasgow/sport/nfl/super-bowl,2026-10-01,Stonegate Social Pub & Kitchen. Only the Super Bowl is confirmed; this venue has no weekly NFL page (returns 404).
Committee Room 9,Glasgow,"18 John Street, Merchant City, Glasgow G1 1JQ",'The 2026 NFL season is back': NFL RedZone live every Sunday from 6pm through the regular season (13 Sep 2026 to 3 Jan 2027) on projector screens. Free entry. Extra live NFL games announced on socials.,Tel 0141 553 5850 (https://committeeroom9.co.uk/),https://committeeroom9.co.uk/whats-on/nfl-redzone/,2026-10-01,Sister venue of Woody's (next door).
Coopers,Glasgow,"499 Great Western Road, Glasgow G12 8HN","NFL RedZone and a weekly feature match on Sunday evenings (usually 6pm), selected earlier Sunday games incl. international series games, Thanksgiving (Lions v Bears, 26 Nov) and Black Friday (Steelers v Broncos, 27 Nov) games, AFC and NFC Championship games, and Super Bowl LXI (14 Feb 2027, 11.30pm). Late-night games are bookable fixtures only.",https://www.belhaven.co.uk/pubs/glasgow/coopers/book (tel +44 141 334 0884),https://www.belhaven.co.uk/pubs/glasgow/coopers/sports/nfl,2026-10-01,"Belhaven (Greene King) pub page headed 'NFL Fixture list for 2026/27 - what we'll be showing this season'. The 2026 is the season, not just the footer. Fixture list is identical across all Belhaven NFL pubs (chain-wide template)."
Drouthy's,Glasgow,"155 Queen Street, Glasgow G1 3BJ","NFL RedZone and a weekly feature match on Sunday evenings (usually 6pm), selected earlier Sunday games incl. international series games, Thanksgiving (Lions v Bears, 26 Nov) and Black Friday (Steelers v Broncos, 27 Nov) games, AFC and NFC Championship games, and Super Bowl LXI (14 Feb 2027, 11.30pm). Late-night games are bookable fixtures only.",https://www.belhaven.co.uk/pubs/glasgow/drouthys/book (tel +44 141 243 2964),https://www.belhaven.co.uk/pubs/glasgow/drouthys/sports/nfl,2026-10-01,"Belhaven (Greene King) pub page headed 'NFL Fixture list for 2026/27 - what we'll be showing this season'. The 2026 is the season, not just the footer. Fixture list is identical across all Belhaven NFL pubs (chain-wide template)."
Grunting Growler,Glasgow,"51 Old Dumbarton Road, Glasgow G3 8RF","NFL RedZone with sound on one screen every Sunday of the regular season, from 6pm until closing at 10pm (so only the start of the late games). No individual games. Friendsgiving event with the early Thanksgiving game.",https://gruntinggrowler.com/ (online booking; walk-ins welcome; tel +44 141 674 6737),https://gruntinggrowler.com/blogs/news/shopify-blog-title-nfl-sundays-are-back-the-2026-game-plan,2026-10-01,Independent craft beer taproom and shop in the West End. Post 'NFL Sundays Are Back: The 2026 Game Plan' dated 6 Aug 2026. 18+ only for RedZone. Dog friendly.
Malones,Glasgow,"57-59 Sauchiehall Lane, Glasgow G2 4AB",NFL every Sunday on 4K screens across 3 floors ('Sunday matches start on 13th September 2026'). Super Bowl watch party returning for 2027 (pre-sale sign-up open).,"https://malonesbarglasgow.com/book-now/ (glasgow@malonesirishbars.com, 0141 332 8899)",https://malonesbarglasgow.com/nfl-american-football-glasgow/,2026-10-01,Site blocks curl (bot check); read via WebFetch. Says it may not show a game on rare days such as cup finals or derby days. Under-18s with an adult until 8pm.
Molly Malone's,Glasgow,"224 Hope Street, Glasgow G2 2UG","NFL RedZone and a weekly feature match on Sunday evenings (usually 6pm), selected earlier Sunday games incl. international series games, Thanksgiving (Lions v Bears, 26 Nov) and Black Friday (Steelers v Broncos, 27 Nov) games, AFC and NFC Championship games, and Super Bowl LXI (14 Feb 2027, 11.30pm). Late-night games are bookable fixtures only.",https://www.belhaven.co.uk/pubs/glasgow/molly-malones/book (tel +44 141 332 2757),https://www.belhaven.co.uk/pubs/glasgow/molly-malones/sports/nfl,2026-10-01,"Belhaven (Greene King) pub page headed 'NFL Fixture list for 2026/27 - what we'll be showing this season'. The 2026 is the season, not just the footer. Fixture list is identical across all Belhaven NFL pubs (chain-wide template)."
Rhoderick Dhu,Glasgow,"21-23 Waterloo Street, Glasgow G2 6BZ","NFL RedZone and a weekly feature match on Sunday evenings (usually 6pm), selected earlier Sunday games incl. international series games, Thanksgiving (Lions v Bears, 26 Nov) and Black Friday (Steelers v Broncos, 27 Nov) games, AFC and NFC Championship games, and Super Bowl LXI (14 Feb 2027, 11.30pm). Late-night games are bookable fixtures only.",https://www.belhaven.co.uk/pubs/glasgow/rhoderick-dhu/book (tel +44 141 221 5479),https://www.belhaven.co.uk/pubs/glasgow/rhoderick-dhu/sports/nfl,2026-10-01,"Belhaven (Greene King) pub page headed 'NFL Fixture list for 2026/27 - what we'll be showing this season'. The 2026 is the season, not just the footer. Fixture list is identical across all Belhaven NFL pubs (chain-wide template)."
Walkabout,Glasgow,"128 Renfield Street, Glasgow G2 3AL","Super Bowl LXI (Sunday 14 Feb 2027), bookable. NFL page also advertises American football Sundays with all-you-can-eat wings.","https://www.walkaboutbars.co.uk/glasgow/party-booking (walkabout.glasgow@stonegategroup.co.uk, 0141 332 8209)",https://www.walkaboutbars.co.uk/glasgow/sport/american-football/nfl/watch-super-bowl,2026-10-01,"Current-season proof is the Super Bowl LXI/2027 page. The weekly NFL page's meta description still says 'NFL 2025 Season' and its fixture feed lists no NFL games, so weekly Sunday screenings aren't confirmed for 2026."
Woody's,Glasgow,"10 John Street, Merchant City, Glasgow G1 1JQ",'The 2026 NFL season is back': NFL RedZone live every Sunday from 6pm through the regular season on projector screens. Free entry. Extra live NFL games announced on socials.,Tel 0141 553 5851 (https://woodysglasgow.co.uk/contact/),https://woodysglasgow.co.uk/event/nfl-redzone-sundays-4/,2026-10-01,"LGBTQ+ pub, sister venue of Committee Room 9. The event page's date field reads oddly ('4 Oct – 13 Sep'), but the text names the 2026 season."
The Old Post Office Bar,Linlithgow,"29-31 High Street, Linlithgow EH49 7AB","NFL RedZone and a weekly feature match on Sunday evenings (usually 6pm), selected earlier Sunday games incl. international series games, Thanksgiving (Lions v Bears, 26 Nov) and Black Friday (Steelers v Broncos, 27 Nov) games, AFC and NFC Championship games, and Super Bowl LXI (14 Feb 2027, 11.30pm). Late-night games are bookable fixtures only.",https://www.belhaven.co.uk/pubs/west-lothian/old-post-office-bar/book (tel +44 1506 844 889),https://www.belhaven.co.uk/pubs/west-lothian/old-post-office-bar/sports/nfl,2026-10-01,"Belhaven (Greene King) pub page headed 'NFL Fixture list for 2026/27 - what we'll be showing this season'. The 2026 is the season, not just the footer. Fixture list is identical across all Belhaven NFL pubs (chain-wide template)."
Molly Malones,St Andrews,"5 Alexandra Place, St Andrews KY16 9XD","NFL RedZone and a weekly feature match on Sunday evenings (usually 6pm), selected earlier Sunday games incl. international series games, Thanksgiving (Lions v Bears, 26 Nov) and Black Friday (Steelers v Broncos, 27 Nov) games, AFC and NFC Championship games, and Super Bowl LXI (14 Feb 2027, 11.30pm). Late-night games are bookable fixtures only.",https://www.belhaven.co.uk/pubs/fife/molly-malones/book (tel +44 1334 474 068),https://www.belhaven.co.uk/pubs/fife/molly-malones/sports/nfl,2026-10-01,"Belhaven (Greene King) pub page headed 'NFL Fixture list for 2026/27 - what we'll be showing this season'. The 2026 is the season, not just the footer. Fixture list is identical across all Belhaven NFL pubs (chain-wide template)."
The Rule,St Andrews,"116 South Street, St Andrews KY16 9QD","Super Bowl LXI (Sunday 14 Feb 2027, 11.30pm). NFL page advertises Sunday evening NFL with live matches and RedZone every week.","https://www.socialpubandkitchen.co.uk/rule-st-andrews/party-booking (therule.standrews@stonegategroup.co.uk, 01334 473473)",https://www.socialpubandkitchen.co.uk/rule-st-andrews/sport/nfl/super-bowl,2026-10-01,Stonegate Social Pub & Kitchen. Dated Super Bowl LXI/2027 page is the current-season proof. Weekly NFL page (https://www.socialpubandkitchen.co.uk/rule-st-andrews/sport/nfl) is undated.
Cold Beer Company,Stirling,"84-86 Murray Place, Stirling FK8 2BX","NFL RedZone and a weekly feature match on Sunday evenings (usually 6pm), selected earlier Sunday games incl. international series games, Thanksgiving (Lions v Bears, 26 Nov) and Black Friday (Steelers v Broncos, 27 Nov) games, AFC and NFC Championship games, and Super Bowl LXI (14 Feb 2027, 11.30pm). Late-night games are bookable fixtures only.",https://www.belhaven.co.uk/pubs/stirling/cold-beer-company/book (tel +44 1786 463 524),https://www.belhaven.co.uk/pubs/stirling/cold-beer-company/sports/nfl,2026-10-01,"Belhaven (Greene King) pub page headed 'NFL Fixture list for 2026/27 - what we'll be showing this season'. The 2026 is the season, not just the footer. Fixture list is identical across all Belhaven NFL pubs (chain-wide template). Earlier refurb notice no longer shown; pub page lists normal opening hours."
