week,player_a,player_b,verdict,confidence,reason,source_url,checked_date
4,Marcus Mariota,Drake Maye,Marcus Mariota,strong,Reported: Jayden Daniels (elbow) unlikely to start; Mariota scored 26.4 vs Seattle and draws Indy. Maye is at Buffalo with A.J. Brown on IR.,https://www.cbssports.com/fantasy/football/news/fantasy-football-start-em-sit-em-start-sits-week-4/,2026-10-01
4,Trevor Lawrence,Justin Herbert,Trevor Lawrence,strong,JAC @ CIN has the week's highest total (51.5). Herbert has 15.3 points or fewer in all three games and faces a Seattle D allowing the 7th-fewest points to QBs.,https://www.cbssports.com/fantasy/football/news/fantasy-football-start-em-sit-em-start-sits-week-4/,2026-10-01
4,Bryce Young,Bo Nix,Bryce Young,strong,"Detroit allow the most points to QBs, and three QBs have scored 29.2+ against them. Nix is a Superflex-only play at San Francisco.",https://www.cbssports.com/fantasy/football/news/fantasy-football-start-em-sit-em-start-sits-week-4/,2026-10-01
4,Tyler Shough,Kirk Cousins,Tyler Shough,strong,"CBS Start of the Week: Shough has 24.4+ points every game and leads the league in pass attempts. Cousins faces KC, who allow the fewest points to QBs.",https://www.cbssports.com/fantasy/football/news/fantasy-football-start-em-sit-em-start-sits-week-4/,2026-10-01
4,Daniel Jones,Justin Herbert,Daniel Jones,lean,Washington have allowed 861 passing yards and a league-high 11 passing TDs (27.4 points a game to QBs).,https://www.fanduel.com/research/fantasy-football-start-sit-week-4-who-to-start-and-sit-this-week,2026-10-01
4,Braelon Allen,Ollie Gordon II,Braelon Allen,strong,"Reported: Breece Hall (quad) week-to-week. Gordon faces Minnesota, who allow the 3rd-fewest points to RBs and haven't given up an RB TD.",https://www.nbcsports.com/fantasy/football/news/2026-nfl-week-4-injury-report-achane-acl-baker-thumb-jefferson-ankle-breece-hall-quad-and-more,2026-10-01
4,Jaylen Warren,Tony Pollard,Jaylen Warren,strong,Confirmed: Rico Dowdle ruled out Week 4; Warren played 90% of snaps. Pollard has a tougher road spot at Baltimore.,https://www.cbssports.com/fantasy/football/news/fantasy-football-start-em-sit-em-jamey-eisenberg/,2026-10-01
4,Aaron Jones,Alvin Kamara,Aaron Jones,strong,"Jones draws Miami, who allow the most fantasy points to RBs. Kamara faces Atlanta, who allow the 4th-fewest.",https://www.cbssports.com/fantasy/football/news/fantasy-football-start-em-sit-em-jamey-eisenberg/,2026-10-01
4,Bucky Irving,J.K. Dobbins,Bucky Irving,lean,Green Bay allow the 2nd-most fantasy points to RBs. Dobbins is touchdown-dependent and shares work with RJ Harvey.,https://www.cbssports.com/fantasy/football/news/fantasy-football-start-em-sit-em-jamey-eisenberg/,2026-10-01
4,Bhayshul Tuten,Quinshon Judkins,Bhayshul Tuten,lean,Eisenberg trusts Tuten as a high-end No. 2 RB at Cincinnati in the week's highest-total game (51.5) after 14.2+ PPR points in two straight games; Judkins has no touchdowns or double-digit PPR games yet and is a flex at best.,https://www.cbssports.com/fantasy/football/news/fantasy-football-start-em-sit-em-jamey-eisenberg/,2026-10-01
4,Jordan Addison,Emeka Egbuka,Jordan Addison,lean,Reported: Jefferson didn't practise Wednesday; Addison had 5-90-1 on 9 targets without him. Egbuka downgraded with undrafted rookie Jalon Daniels at QB.,https://www.usatoday.com/story/sports/fantasy/football/2026/09/29/fantasy-football-week-4-start-sit/91987094007/,2026-10-01
4,Keenan Allen,Tre Tucker,Keenan Allen,strong,"Allen gets more volume with Pierce on IR, and Washington allow the most fantasy points to WRs.",https://www.usatoday.com/story/sports/fantasy/football/2026/09/29/fantasy-football-week-4-start-sit/91987094007/,2026-10-01
4,Josh Downs,Courtland Sutton,Josh Downs,strong,"Downs has 12 catches for 149 yards on 20 targets over the past two games with Alec Pierce out, and Washington allow the most fantasy points to WRs.",https://www.cbssports.com/fantasy/football/news/fantasy-football-start-em-sit-em-jamey-eisenberg/,2026-10-01
4,Michael Wilson,Ladd McConkey,Michael Wilson,lean,Wilson had 11-89-1 on 17 targets in Week 3 and faces a Giants D without Brian Burns; McConkey has 17.1 PPR points over his last two games and faces a Seattle D allowing the 4th-fewest points to WRs.,https://www.cbssports.com/fantasy/football/news/fantasy-football-start-em-sit-em-jamey-eisenberg/,2026-10-01
4,Terry McLaurin,Chris Godwin,Terry McLaurin,lean,"Questionable (hamstring), check Sunday's inactives, 1pm UK. If he plays: 14.4+ PPR in four of six games with Mariota, v a Colts D that has let four WRs score 12.3+; Godwin has 8.8 PPR or fewer every game, with rookie Jalon Daniels replacing the injured Mayfield.",https://www.cbssports.com/fantasy/football/news/fantasy-football-start-em-sit-em-jamey-eisenberg/,2026-10-03
4,Matthew Golden,DK Metcalf,Matthew Golden,lean,Golden has 15.5+ PPR points in two of three games and Tampa Bay have let a WR score 20+ PPR in each of the last two weeks; Metcalf faces a Browns D that has been tough on No. 1 outside receivers and is a three-WR-league start only.,https://www.cbssports.com/fantasy/football/news/fantasy-football-start-em-sit-em-jamey-eisenberg/,2026-10-01
4,Juwan Johnson,Mark Andrews,Juwan Johnson,strong,Johnson has 10.6+ PPR points in every game and Atlanta have let two TEs score 15.6+; Andrews faces a Titans D allowing the 3rd-fewest points to TEs and is a deep-league start only.,https://www.cbssports.com/fantasy/football/news/fantasy-football-start-em-sit-em-jamey-eisenberg/,2026-10-01
4,Isaiah Likely,Kyle Pitts,Isaiah Likely,lean,"Likely has 23 targets through three games, and Arizona allow 17.6 PPR points a game to TEs, the 4th-most in the league.",https://www.fanduel.com/research/fantasy-football-start-sit-week-4-who-to-start-and-sit-this-week,2026-10-01
4,Darren Waller,Hunter Henry,Darren Waller,strong,Detroit allow the most fantasy points to TEs.,https://www.cbssports.com/fantasy/football/news/fantasy-football-start-em-sit-em-jamey-eisenberg/,2026-10-01
4,Tucker Kraft,Colston Loveland,Tucker Kraft,lean,Eisenberg keeps Kraft as a top-10 TE after eight targets in the first game without Jayden Reed; Loveland faces a Jets D allowing the 4th-fewest points to TEs.,https://www.cbssports.com/fantasy/football/news/fantasy-football-start-em-sit-em-jamey-eisenberg/,2026-10-01
4,Seattle Seahawks,Houston Texans,Seattle Seahawks,lean,"Seattle host a struggling Chargers offense, with Herbert sacked multiple times and intercepted in every game; Houston allow 25 points a game with only three takeaways ahead of a possible shootout with Dallas.",https://www.usatoday.com/story/sports/fantasy/football/2026/09/29/fantasy-football-week-4-start-sit/91987094007/,2026-10-01
5,Matthew Stafford,Jalen Hurts,Matthew Stafford,strong,"CBS Start of the Week: Stafford has 51+ pass attempts in each of his past two games and faces a Bills D that is No. 5 in most points allowed to QBs. Reported: Barkley (hamstring) is out and DeVonta Smith (hamstring) isn't expected to play for the Eagles in London, where Jacksonville are No. 6 in fewest points allowed to QBs.",https://www.cbssports.com/fantasy/football/news/fantasy-football-week-5-start-em-sit-em-jamey-eisenberg/,2026-10-08
5,Jacoby Brissett,Justin Herbert,Jacoby Brissett,strong,"Detroit allow the most fantasy points to QBs, and Shough, Josh Allen, Geno Smith and Bryce Young have all scored 25.5+ against them. Herbert has 15.3 points or fewer in all four games; Reported: he may be without Ladd McConkey (foot), Rashawn Slater (ankle) and Joe Alt (neck).",https://www.cbssports.com/fantasy/football/news/fantasy-football-week-5-2026-start-em-sit-em-qb/,2026-10-08
5,Drake Maye,Bo Nix,Drake Maye,lean,"Maye scored 32.2 at Buffalo in Week 4, more than his first three games combined (23.7), and the Raiders have let Shough and Mahomes score 21+ in the past two games. Nix has only one 20-point game and 25 rushing yards in four games, and the Chargers have held Brissett, Allen and Darnold to 18.5 or fewer.",https://www.cbssports.com/fantasy/football/news/fantasy-football-week-5-2026-start-em-sit-em-qb/,2026-10-08
5,Trevor Lawrence,Tyler Shough,Trevor Lawrence,lean,"Jacksonville's 'home' game is in London, and the Eagles have let Daniels, Cam Ward and Case Keenum all score 20.1+; Reported: CB Quinyon Mitchell (knee), Jonathan Greenard (ankle) and Zack Baun (concussion) are banged up. Shough faces Minnesota, No. 1 in fewest points allowed to QBs, who have held Caleb Williams, Mayfield and Willis to 13.3 or fewer.",https://www.cbssports.com/fantasy/football/news/fantasy-football-week-5-2026-start-em-sit-em-qb/,2026-10-08
5,C.J. Stroud,Kyler Murray,C.J. Stroud,strong,"Stroud averages 23.8 points in his two games with Nico Collins, and Hurts and Lamar Jackson both scored 20.2+ against Tennessee. Murray has averaged 11.9 over his past two games, and the Saints have held Goff, Jackson and Penix to 20.4 or fewer; Eisenberg has him as a Superflex-only start.",https://www.cbssports.com/fantasy/football/news/fantasy-football-week-5-2026-start-em-sit-em-qb/,2026-10-08
5,Emanuel Wilson,Tony Pollard,Emanuel Wilson,strong,"Confirmed: Zach Charbonnet (knee) won't play, so the backfield is Wilson's again after 27 PPR points in Week 4, and San Francisco have let an RB score 12.3+ PPR in every game. Pollard faces a Houston D that held Cook, Chase Brown and Jonathan Taylor to 11.2 PPR or fewer and is a flex at best.",https://www.cbssports.com/fantasy/football/news/fantasy-football-start-sit-em-week-5-running-back/,2026-10-08
5,Quinshon Judkins,Alvin Kamara,Quinshon Judkins,strong,"Judkins had 21.6 PPR points with six catches in Week 4, and the Jets have given up 69.4 PPR points to Gibbs and Monangai over the past two games. Kamara managed just seven carries for 23 yards in Week 4 and faces a Minnesota D that has allowed only one rushing TD all season.",https://www.cbssports.com/fantasy/football/news/fantasy-football-start-sit-em-week-5-running-back/,2026-10-08
5,Braelon Allen,Ollie Gordon II,Braelon Allen,lean,"Allen was the only Jets RB to touch the ball in the first game without Breece Hall (quad), and Irving, Hubbard and Warren have each scored 13+ PPR against Cleveland in the past three games. Gordon is CBS's bust alert: Cincinnati have allowed just two RB touchdowns all season.",https://www.cbssports.com/fantasy/football/news/fantasy-football-start-sit-em-week-5-running-back/,2026-10-08
5,RJ Harvey,Will Shipley,RJ Harvey,strong,"Harvey has 16 catches for 109 yards on 17 targets over his past two games, and the Chargers have let an RB score 5.5+ PPR from receiving alone in each of their past three. Reported: Shipley starts with Barkley (hamstring) and Bigsby (abdomen) out, but Jacksonville allow the fewest rushing yards in the NFL.",https://www.cbssports.com/fantasy/football/news/fantasy-football-start-sit-em-week-5-running-back/,2026-10-08
5,Woody Marks,David Montgomery,Woody Marks,lean,"Montgomery is averaging 2.7 yards a carry and hasn't scored since Week 1, while Marks has had four red-zone carries to Montgomery's three since Week 2.",https://www.usatoday.com/story/sports/fantasy/football/2026/10/06/fantasy-football-week-5-start-sit/92110112007/,2026-10-08
5,Jaylen Waddle,Deebo Samuel,Jaylen Waddle,lean,"Waddle is averaging 7.7 targets over his past three games and faces a Chargers D that has let six WRs score 12.3+ PPR; Reported: Pat Bryant (ankle) is out. Samuel goes to Seattle, No. 2 in fewest points allowed to WRs, where McLaurin is the only WR to reach double-digit PPR.",https://www.cbssports.com/fantasy/football/news/start-em-sit-em-wr-2026-week-5/,2026-10-08
5,Jameson Williams,Rome Odunze,Jameson Williams,lean,"Williams broke out with six catches for 102 yards on eight targets in Week 4, and Arizona have let six WRs score 12.4+ PPR this season. Odunze scored 7.4 PPR or fewer in each of the first three games and has eight catches for 83 yards combined in two career games against Green Bay.",https://www.cbssports.com/fantasy/football/news/start-em-sit-em-wr-2026-week-5/,2026-10-08
5,Josh Downs,Jakobi Meyers,Josh Downs,strong,"Pittsburgh have let five WRs score 11.4+ PPR in their past three games, and Downs scored 12.7+ in the two games before Week 4 on 20 targets. Meyers has 6.3 PPR or fewer in two of his past three games; Reported: Eagles CB Quinyon Mitchell (knee) appears on track to play in London.",https://www.cbssports.com/fantasy/football/news/start-em-sit-em-wr-2026-week-5/,2026-10-08
5,DK Metcalf,Romeo Doubs,DK Metcalf,lean,"Metcalf has 12.1+ PPR in back-to-back games and three games with nine or more targets, and Indianapolis have let four WRs score 12.3+ PPR. Eisenberg likes Doubs too, but only as a high-end No. 3 after his two-TD game at Buffalo.",https://www.cbssports.com/fantasy/football/news/start-em-sit-em-wr-2026-week-5/,2026-10-08
5,Michael Wilson,Denzel Boston,Michael Wilson,lean,"Wilson has 44 targets in four games (30 in the past two), a 29.2% target share and 11.0 targets a game. Boston averages only 5.5 targets and 3.3 catches a game with an 18.8% target share, relying on 21.8 yards per catch.",https://www.fanduel.com/research/fantasy-football-start-sit-week-5-who-to-start-and-sit-this-week,2026-10-08
5,Isaiah Likely,Dalton Kincaid,Isaiah Likely,lean,Likely caught 7 of a season-high 12 targets for 66 yards in Week 4 and has 27 targets across Jameis Winston's three appearances. Kincaid has only three catches over the past two weeks and is seeing 4.8 targets a game.,https://www.fanduel.com/research/fantasy-football-start-sit-week-5-who-to-start-and-sit-this-week,2026-10-08
5,Colston Loveland,Brenton Strange,Colston Loveland,strong,"Loveland averaged 14.2 PPR points in three games against Green Bay late last season and had six catches for 57 yards on nine targets in Week 4. The Eagles have yet to allow a TE touchdown, and Strange is a deeper-league start only.",https://www.cbssports.com/fantasy/football/news/fantasy-football-week-5-start-em-sit-em-jamey-eisenberg/,2026-10-08
5,Harold Fannin Jr.,Dalton Schultz,Harold Fannin Jr.,strong,Fannin has 10.4+ PPR in each of his past three games with three TDs and averages just shy of seven targets. Schultz has 7.5 PPR or fewer in three of four games and has averaged 3.6 catches for 29.8 yards with no TDs in his past five against Tennessee.,https://www.cbssports.com/fantasy/football/news/fantasy-football-week-5-start-em-sit-em-jamey-eisenberg/,2026-10-08
5,Tyler Higbee,Kyle Pitts,Tyler Higbee,lean,"Higbee has 11.7+ PPR in each of his past two games, and Buffalo have let LaPorta and Henry score 11.2+ in the past three games. Baltimore have allowed only one TE more than 23 yards all season, and Pitts had two catches for 20 yards across his first three games.",https://www.cbssports.com/fantasy/football/news/fantasy-football-week-5-start-em-sit-em-jamey-eisenberg/,2026-10-08
5,Jacksonville Jaguars,Baltimore Ravens,Jacksonville Jaguars,strong,"CBS's No. 1 DST: Jacksonville have six interceptions and two fumble recoveries and held Cleveland and New England to 10 points or fewer. The Falcons have scored 80 points in two games with Penix, and Baltimore have just two sacks and three turnovers in their past two.",https://www.cbssports.com/fantasy/football/news/fantasy-football-week-5-start-em-sit-em-jamey-eisenberg/,2026-10-08
5,Cincinnati Bengals,New York Jets,Cincinnati Bengals,lean,"Miami have scored a league-low 46 points in four games, and Malik Willis has two interceptions and three fumbles. The Jets are viable at home, but they struggled against Tyson Bagent in Week 4; Cleveland have allowed 11 sacks.",https://www.fanduel.com/research/fantasy-football-3-defenses-to-stream-for-nfl-week-5-2026,2026-10-08
